{"cameraMode":{"drawMode":0,"name":"Shaded","section":"Shading Mode"},"sceneLighting":false,"audioPlay":false,"sceneViewState":{"showFog":true,"showMaterialUpdate":false,"showSkybox":false,"showFlares":true,"showImageEffects":true,"showParticleSystems":true},"in2DMode":false,"pivot":{"x":0.4158287048339844,"y":2.529582977294922,"z":0.6203420162200928},"rotation":{"x":-0.07733015716075897,"y":0.9123646020889282,"z":-0.20303896069526673,"w":-0.3471413850784302},"size":12.049769401550293,"orthographic":false}