{"cameraMode":{"drawMode":0,"name":"Shaded","section":"Shading Mode"},"sceneLighting":false,"audioPlay":false,"sceneViewState":{"showFog":true,"showMaterialUpdate":false,"showSkybox":true,"showFlares":true,"showImageEffects":true,"showParticleSystems":true},"in2DMode":false,"pivot":{"x":-483.10479736328127,"y":18.390872955322267,"z":-348.4520263671875},"rotation":{"x":-0.24031496047973634,"y":0.18074864149093629,"z":-0.04321243613958359,"w":-0.9631808400154114},"size":36.65245056152344,"orthographic":false}