{"cameraMode":{"drawMode":0,"name":"Shaded","section":"Shading Mode"},"sceneLighting":false,"audioPlay":false,"sceneViewState":{"showFog":true,"showMaterialUpdate":false,"showSkybox":false,"showFlares":true,"showImageEffects":true,"showParticleSystems":true},"in2DMode":false,"pivot":{"x":-0.11718332767486572,"y":0.2718205451965332,"z":0.0007546581327915192},"rotation":{"x":0.2300645262002945,"y":-0.6762993931770325,"z":0.23621484637260438,"w":0.6588157415390015},"size":0.991926372051239,"orthographic":false}